Transaction Date,Province,Predicted_Province_Revenue,Year,Month
2024-01-01,British Columbia,79.2145,2024,1
2024-01-01,Manitoba,77.56701,2024,1
2024-01-01,Newfoundland,71.64178,2024,1
2024-01-01,Saskatchewan,69.23891,2024,1
2024-01-02,British Columbia,88.29955,2024,1
2024-01-02,Manitoba,75.01251,2024,1
2024-01-02,Newfoundland,63.909245,2024,1
2024-01-02,Saskatchewan,81.49374,2024,1
2024-01-03,British Columbia,105.04949,2024,1
2024-01-03,Manitoba,74.80559,2024,1
2024-01-03,Newfoundland,64.10732,2024,1
2024-01-03,Saskatchewan,69.81801,2024,1
2024-01-04,British Columbia,76.82232,2024,1
2024-01-04,Manitoba,69.674675,2024,1
2024-01-04,Newfoundland,66.13475,2024,1
2024-01-04,Saskatchewan,74.502266,2024,1
2024-01-05,British Columbia,89.96965,2024,1
2024-01-05,Manitoba,75.57463,2024,1
2024-01-05,Newfoundland,63.297176,2024,1
2024-01-05,Saskatchewan,70.01858,2024,1
2024-01-06,British Columbia,29.796728,2024,1
2024-01-06,Manitoba,22.189945,2024,1
2024-01-06,Newfoundland,24.539423,2024,1
2024-01-06,Saskatchewan,48.057796,2024,1
2024-01-07,British Columbia,38.1146,2024,1
2024-01-07,Manitoba,30.520512,2024,1
2024-01-07,Newfoundland,32.698555,2024,1
2024-01-07,Saskatchewan,50.475803,2024,1
2024-01-08,British Columbia,90.0535,2024,1
2024-01-08,Manitoba,66.52002,2024,1
2024-01-08,Newfoundland,62.766865,2024,1
2024-01-08,Saskatchewan,64.66025,2024,1
2024-01-09,British Columbia,93.78267,2024,1
2024-01-09,Manitoba,83.397446,2024,1
2024-01-09,Newfoundland,83.542046,2024,1
2024-01-09,Saskatchewan,82.20411,2024,1
2024-01-10,British Columbia,98.38603,2024,1
2024-01-10,Manitoba,73.155655,2024,1
2024-01-10,Newfoundland,67.26888,2024,1
2024-01-10,Saskatchewan,70.65105,2024,1
2024-01-11,British Columbia,77.200264,2024,1
2024-01-11,Manitoba,77.89931,2024,1
2024-01-11,Newfoundland,82.25308,2024,1
2024-01-11,Saskatchewan,73.55129,2024,1
2024-01-12,British Columbia,81.880585,2024,1
2024-01-12,Manitoba,72.5961,2024,1
2024-01-12,Newfoundland,62.19301,2024,1
2024-01-12,Saskatchewan,72.34256,2024,1
2024-01-13,British Columbia,29.983194,2024,1
2024-01-13,Manitoba,24.961096,2024,1
2024-01-13,Newfoundland,40.39346,2024,1
2024-01-13,Saskatchewan,29.32545,2024,1
2024-01-14,British Columbia,27.062819,2024,1
2024-01-14,Manitoba,35.538742,2024,1
2024-01-14,Newfoundland,32.00224,2024,1
2024-01-14,Saskatchewan,35.323757,2024,1
2024-01-15,British Columbia,94.34272,2024,1
2024-01-15,Manitoba,57.42265,2024,1
2024-01-15,Newfoundland,62.490864,2024,1
2024-01-15,Saskatchewan,61.76651,2024,1
2024-01-16,British Columbia,86.45028,2024,1
2024-01-16,Manitoba,76.51245,2024,1
2024-01-16,Newfoundland,63.04733,2024,1
2024-01-16,Saskatchewan,73.35475,2024,1
2024-01-17,British Columbia,84.635796,2024,1
2024-01-17,Manitoba,72.05401,2024,1
2024-01-17,Newfoundland,63.465603,2024,1
2024-01-17,Saskatchewan,72.76813,2024,1
2024-01-18,British Columbia,96.70023,2024,1
2024-01-18,Manitoba,79.12708,2024,1
2024-01-18,Newfoundland,62.90074,2024,1
2024-01-18,Saskatchewan,76.69223,2024,1
2024-01-19,British Columbia,100.93709,2024,1
2024-01-19,Manitoba,71.834175,2024,1
2024-01-19,Newfoundland,64.12512,2024,1
2024-01-19,Saskatchewan,72.973145,2024,1
2024-01-20,British Columbia,26.483547,2024,1
2024-01-20,Manitoba,28.971792,2024,1
2024-01-20,Newfoundland,35.040424,2024,1
2024-01-20,Saskatchewan,28.122824,2024,1
2024-01-21,British Columbia,35.170994,2024,1
2024-01-21,Manitoba,36.803192,2024,1
2024-01-21,Newfoundland,33.992264,2024,1
2024-01-21,Saskatchewan,33.74542,2024,1
2024-01-22,British Columbia,87.2052,2024,1
2024-01-22,Manitoba,59.426003,2024,1
2024-01-22,Newfoundland,68.81252,2024,1
2024-01-22,Saskatchewan,63.440277,2024,1
2024-01-23,British Columbia,106.46104,2024,1
2024-01-23,Manitoba,73.332245,2024,1
2024-01-23,Newfoundland,67.22084,2024,1
2024-01-23,Saskatchewan,76.528534,2024,1
2024-01-24,British Columbia,98.204735,2024,1
2024-01-24,Manitoba,74.66517,2024,1
2024-01-24,Newfoundland,68.99847,2024,1
2024-01-24,Saskatchewan,75.37929,2024,1
2024-01-25,British Columbia,94.51436,2024,1
2024-01-25,Manitoba,72.863014,2024,1
2024-01-25,Newfoundland,67.53624,2024,1
2024-01-25,Saskatchewan,76.01727,2024,1
2024-01-26,British Columbia,108.050766,2024,1
2024-01-26,Manitoba,74.66517,2024,1
2024-01-26,Newfoundland,66.289894,2024,1
2024-01-26,Saskatchewan,76.01727,2024,1
2024-01-27,British Columbia,19.032648,2024,1
2024-01-27,Manitoba,19.602137,2024,1
2024-01-27,Newfoundland,34.556583,2024,1
2024-01-27,Saskatchewan,19.699137,2024,1
2024-01-28,British Columbia,29.996515,2024,1
2024-01-28,Manitoba,29.40484,2024,1
2024-01-28,Newfoundland,32.882164,2024,1
2024-01-28,Saskatchewan,32.0788,2024,1
2024-01-29,British Columbia,99.226,2024,1
2024-01-29,Manitoba,58.534554,2024,1
2024-01-29,Newfoundland,63.197964,2024,1
2024-01-29,Saskatchewan,68.259605,2024,1
2024-01-30,British Columbia,113.162605,2024,1
2024-01-30,Manitoba,62.7561,2024,1
2024-01-30,Newfoundland,52.322357,2024,1
2024-01-30,Saskatchewan,64.1082,2024,1
2024-01-31,British Columbia,89.05478,2024,1
2024-01-31,Manitoba,68.17304,2024,1
2024-01-31,Newfoundland,50.669678,2024,1
2024-01-31,Saskatchewan,63.470222,2024,1
2024-02-01,British Columbia,85.054276,2024,2
2024-02-01,Manitoba,62.357822,2024,2
2024-02-01,Newfoundland,58.076656,2024,2
2024-02-01,Saskatchewan,62.42525,2024,2
2024-02-02,British Columbia,96.64682,2024,2
2024-02-02,Manitoba,61.94532,2024,2
2024-02-02,Newfoundland,64.89478,2024,2
2024-02-02,Saskatchewan,58.453754,2024,2
2024-02-03,British Columbia,23.483496,2024,2
2024-02-03,Manitoba,26.493124,2024,2
2024-02-03,Newfoundland,28.990772,2024,2
2024-02-03,Saskatchewan,26.707062,2024,2
2024-02-04,British Columbia,27.378973,2024,2
2024-02-04,Manitoba,27.433832,2024,2
2024-02-04,Newfoundland,27.916325,2024,2
2024-02-04,Saskatchewan,27.155033,2024,2
2024-02-05,British Columbia,108.6942,2024,2
2024-02-05,Manitoba,54.358482,2024,2
2024-02-05,Newfoundland,69.52156,2024,2
2024-02-05,Saskatchewan,57.415817,2024,2
2024-02-06,British Columbia,112.4162,2024,2
2024-02-06,Manitoba,52.6423,2024,2
2024-02-06,Newfoundland,72.732315,2024,2
2024-02-06,Saskatchewan,60.23018,2024,2
2024-02-07,British Columbia,92.15864,2024,2
2024-02-07,Manitoba,53.24393,2024,2
2024-02-07,Newfoundland,64.1472,2024,2
2024-02-07,Saskatchewan,60.52058,2024,2
2024-02-08,British Columbia,99.05887,2024,2
2024-02-08,Manitoba,57.644016,2024,2
2024-02-08,Newfoundland,66.17393,2024,2
2024-02-08,Saskatchewan,65.0435,2024,2
2024-02-09,British Columbia,86.673454,2024,2
2024-02-09,Manitoba,54.755207,2024,2
2024-02-09,Newfoundland,63.930298,2024,2
2024-02-09,Saskatchewan,61.164726,2024,2
2024-02-10,British Columbia,27.706944,2024,2
2024-02-10,Manitoba,22.159744,2024,2
2024-02-10,Newfoundland,23.537918,2024,2
2024-02-10,Saskatchewan,23.024117,2024,2
2024-02-11,British Columbia,28.54593,2024,2
2024-02-11,Manitoba,22.84296,2024,2
2024-02-11,Newfoundland,20.592308,2024,2
2024-02-11,Saskatchewan,23.687368,2024,2
2024-02-12,British Columbia,117.2203,2024,2
2024-02-12,Manitoba,60.448368,2024,2
2024-02-12,Newfoundland,68.72368,2024,2
2024-02-12,Saskatchewan,62.686157,2024,2
2024-02-13,British Columbia,102.59487,2024,2
2024-02-13,Manitoba,58.598164,2024,2
2024-02-13,Newfoundland,71.77494,2024,2
2024-02-13,Saskatchewan,60.93506,2024,2
2024-02-14,British Columbia,99.16261,2024,2
2024-02-14,Manitoba,55.7189,2024,2
2024-02-14,Newfoundland,62.92659,2024,2
2024-02-14,Saskatchewan,60.51538,2024,2
2024-02-15,British Columbia,106.40025,2024,2
2024-02-15,Manitoba,56.988132,2024,2
2024-02-15,Newfoundland,64.13824,2024,2
2024-02-15,Saskatchewan,60.51538,2024,2
2024-02-16,British Columbia,101.664,2024,2
2024-02-16,Manitoba,52.004913,2024,2
2024-02-16,Newfoundland,61.93963,2024,2
2024-02-16,Saskatchewan,61.84675,2024,2
2024-02-17,British Columbia,26.715117,2024,2
2024-02-17,Manitoba,24.105589,2024,2
2024-02-17,Newfoundland,25.852749,2024,2
2024-02-17,Saskatchewan,26.444891,2024,2
2024-02-18,British Columbia,31.816278,2024,2
2024-02-18,Manitoba,22.682587,2024,2
2024-02-18,Newfoundland,23.346655,2024,2
2024-02-18,Saskatchewan,24.456314,2024,2
2024-02-19,British Columbia,97.15847,2024,2
2024-02-19,Manitoba,54.63545,2024,2
2024-02-19,Newfoundland,68.503845,2024,2
2024-02-19,Saskatchewan,60.703945,2024,2
2024-02-20,British Columbia,107.26475,2024,2
2024-02-20,Manitoba,52.80023,2024,2
2024-02-20,Newfoundland,71.53656,2024,2
2024-02-20,Saskatchewan,60.367714,2024,2
2024-02-21,British Columbia,104.33589,2024,2
2024-02-21,Manitoba,52.684814,2024,2
2024-02-21,Newfoundland,65.572914,2024,2
2024-02-21,Saskatchewan,61.815678,2024,2
2024-02-22,British Columbia,104.89706,2024,2
2024-02-22,Manitoba,53.494072,2024,2
2024-02-22,Newfoundland,69.19061,2024,2
2024-02-22,Saskatchewan,66.18338,2024,2
2024-02-23,British Columbia,102.664444,2024,2
2024-02-23,Manitoba,55.70419,2024,2
2024-02-23,Newfoundland,67.47355,2024,2
2024-02-23,Saskatchewan,65.28771,2024,2
2024-02-24,British Columbia,23.35531,2024,2
2024-02-24,Manitoba,24.939583,2024,2
2024-02-24,Newfoundland,21.772898,2024,2
2024-02-24,Saskatchewan,23.502954,2024,2
2024-02-25,British Columbia,26.908194,2024,2
2024-02-25,Manitoba,20.64793,2024,2
2024-02-25,Newfoundland,18.828897,2024,2
2024-02-25,Saskatchewan,18.758211,2024,2
2024-02-26,British Columbia,93.32543,2024,2
2024-02-26,Manitoba,55.10879,2024,2
2024-02-26,Newfoundland,71.59607,2024,2
2024-02-26,Saskatchewan,66.156166,2024,2
2024-02-27,British Columbia,114.91206,2024,2
2024-02-27,Manitoba,55.36692,2024,2
2024-02-27,Newfoundland,75.923004,2024,2
2024-02-27,Saskatchewan,63.758118,2024,2
2024-02-28,British Columbia,113.68506,2024,2
2024-02-28,Manitoba,55.20659,2024,2
2024-02-28,Newfoundland,67.07383,2024,2
2024-02-28,Saskatchewan,62.259983,2024,2
2024-02-29,British Columbia,110.44569,2024,2
2024-02-29,Manitoba,55.20659,2024,2
2024-02-29,Newfoundland,67.07383,2024,2
2024-02-29,Saskatchewan,62.259983,2024,2
2024-03-01,British Columbia,81.16396,2024,3
2024-03-01,Manitoba,61.69736,2024,3
2024-03-01,Newfoundland,61.230663,2024,3
2024-03-01,Saskatchewan,59.81254,2024,3
2024-03-02,British Columbia,29.198471,2024,3
2024-03-02,Manitoba,21.678684,2024,3
2024-03-02,Newfoundland,23.182995,2024,3
2024-03-02,Saskatchewan,20.124361,2024,3
2024-03-03,British Columbia,30.990623,2024,3
2024-03-03,Manitoba,18.795818,2024,3
2024-03-03,Newfoundland,17.402864,2024,3
2024-03-03,Saskatchewan,17.211351,2024,3
2024-03-04,British Columbia,82.544395,2024,3
2024-03-04,Manitoba,53.60958,2024,3
2024-03-04,Newfoundland,60.238625,2024,3
2024-03-04,Saskatchewan,62.357773,2024,3
2024-03-05,British Columbia,96.59981,2024,3
2024-03-05,Manitoba,47.8139,2024,3
2024-03-05,Newfoundland,70.60079,2024,3
2024-03-05,Saskatchewan,60.3618,2024,3
2024-03-06,British Columbia,84.01712,2024,3
2024-03-06,Manitoba,48.589024,2024,3
2024-03-06,Newfoundland,64.14344,2024,3
2024-03-06,Saskatchewan,60.96872,2024,3
2024-03-07,British Columbia,94.85247,2024,3
2024-03-07,Manitoba,48.589024,2024,3
2024-03-07,Newfoundland,64.14344,2024,3
2024-03-07,Saskatchewan,60.96872,2024,3
2024-03-08,British Columbia,86.655174,2024,3
2024-03-08,Manitoba,48.609108,2024,3
2024-03-08,Newfoundland,67.53916,2024,3
2024-03-08,Saskatchewan,61.612865,2024,3
2024-03-09,British Columbia,26.529892,2024,3
2024-03-09,Manitoba,18.361162,2024,3
2024-03-09,Newfoundland,19.70431,2024,3
2024-03-09,Saskatchewan,20.562307,2024,3
2024-03-10,British Columbia,31.521503,2024,3
2024-03-10,Manitoba,15.31633,2024,3
2024-03-10,Newfoundland,17.443169,2024,3
2024-03-10,Saskatchewan,16.200798,2024,3
2024-03-11,British Columbia,87.77929,2024,3
2024-03-11,Manitoba,56.21931,2024,3
2024-03-11,Newfoundland,69.31081,2024,3
2024-03-11,Saskatchewan,67.06507,2024,3
2024-03-12,British Columbia,80.86156,2024,3
2024-03-12,Manitoba,52.97303,2024,3
2024-03-12,Newfoundland,72.58305,2024,3
2024-03-12,Saskatchewan,65.527534,2024,3
2024-03-13,British Columbia,85.28468,2024,3
2024-03-13,Manitoba,51.49907,2024,3
2024-03-13,Newfoundland,64.13824,2024,3
2024-03-13,Saskatchewan,62.388844,2024,3
2024-03-14,British Columbia,78.20929,2024,3
2024-03-14,Manitoba,50.636955,2024,3
2024-03-14,Newfoundland,65.85531,2024,3
2024-03-14,Saskatchewan,62.388844,2024,3
2024-03-15,British Columbia,96.69915,2024,3
2024-03-15,Manitoba,53.78115,2024,3
2024-03-15,Newfoundland,65.85531,2024,3
2024-03-15,Saskatchewan,61.270607,2024,3
2024-03-16,British Columbia,25.738562,2024,3
2024-03-16,Manitoba,19.423252,2024,3
2024-03-16,Newfoundland,23.678,2024,3
2024-03-16,Saskatchewan,23.805555,2024,3
2024-03-17,British Columbia,25.621868,2024,3
2024-03-17,Manitoba,15.393979,2024,3
2024-03-17,Newfoundland,19.4855,2024,3
2024-03-17,Saskatchewan,20.167404,2024,3
2024-03-18,British Columbia,105.65498,2024,3
2024-03-18,Manitoba,49.02717,2024,3
2024-03-18,Newfoundland,69.08577,2024,3
2024-03-18,Saskatchewan,60.496655,2024,3
2024-03-19,British Columbia,97.76208,2024,3
2024-03-19,Manitoba,45.073803,2024,3
2024-03-19,Newfoundland,71.53656,2024,3
2024-03-19,Saskatchewan,61.81167,2024,3
2024-03-20,British Columbia,99.516754,2024,3
2024-03-20,Manitoba,46.698,2024,3
2024-03-20,Newfoundland,63.91839,2024,3
2024-03-20,Saskatchewan,62.16901,2024,3
2024-03-21,British Columbia,99.70216,2024,3
2024-03-21,Manitoba,48.352512,2024,3
2024-03-21,Newfoundland,67.289986,2024,3
2024-03-21,Saskatchewan,63.823517,2024,3
2024-03-22,British Columbia,101.4555,2024,3
2024-03-22,Manitoba,50.079697,2024,3
2024-03-22,Newfoundland,69.19061,2024,3
2024-03-22,Saskatchewan,65.72416,2024,3
2024-03-23,British Columbia,29.24191,2024,3
2024-03-23,Manitoba,17.266378,2024,3
2024-03-23,Newfoundland,23.522623,2024,3
2024-03-23,Saskatchewan,23.13512,2024,3
2024-03-24,British Columbia,18.051132,2024,3
2024-03-24,Manitoba,14.078668,2024,3
2024-03-24,Newfoundland,17.675993,2024,3
2024-03-24,Saskatchewan,18.707083,2024,3
2024-03-25,British Columbia,124.43793,2024,3
2024-03-25,Manitoba,54.457996,2024,3
2024-03-25,Newfoundland,74.06418,2024,3
2024-03-25,Saskatchewan,66.93448,2024,3
2024-03-26,British Columbia,104.7032,2024,3
2024-03-26,Manitoba,50.392284,2024,3
2024-03-26,Newfoundland,68.04695,2024,3
2024-03-26,Saskatchewan,63.79656,2024,3
2024-03-27,British Columbia,107.00984,2024,3
2024-03-27,Manitoba,49.724037,2024,3
2024-03-27,Newfoundland,68.304855,2024,3
2024-03-27,Saskatchewan,63.55157,2024,3
2024-03-28,British Columbia,96.43188,2024,3
2024-03-28,Manitoba,50.6988,2024,3
2024-03-28,Newfoundland,68.75954,2024,3
2024-03-28,Saskatchewan,62.80208,2024,3
2024-03-29,British Columbia,105.93631,2024,3
2024-03-29,Manitoba,49.951996,2024,3
2024-03-29,Newfoundland,67.07383,2024,3
2024-03-29,Saskatchewan,62.80208,2024,3
2024-03-30,British Columbia,18.348238,2024,3
2024-03-30,Manitoba,14.613514,2024,3
2024-03-30,Newfoundland,18.238523,2024,3
2024-03-30,Saskatchewan,17.695276,2024,3
2024-03-31,British Columbia,14.505788,2024,3
2024-03-31,Manitoba,10.335797,2024,3
2024-03-31,Newfoundland,14.393374,2024,3
2024-03-31,Saskatchewan,14.588858,2024,3
2024-04-01,British Columbia,113.186775,2024,4
2024-04-01,Manitoba,61.53464,2024,4
2024-04-01,Newfoundland,65.12682,2024,4
2024-04-01,Saskatchewan,59.303886,2024,4
2024-04-02,British Columbia,112.029755,2024,4
2024-04-02,Manitoba,49.848602,2024,4
2024-04-02,Newfoundland,68.88677,2024,4
2024-04-02,Saskatchewan,59.180782,2024,4
2024-04-03,British Columbia,99.98591,2024,4
2024-04-03,Manitoba,44.15957,2024,4
2024-04-03,Newfoundland,64.56038,2024,4
2024-04-03,Saskatchewan,59.46158,2024,4
2024-04-04,British Columbia,87.83558,2024,4
2024-04-04,Manitoba,48.08777,2024,4
2024-04-04,Newfoundland,65.2924,2024,4
2024-04-04,Saskatchewan,60.193592,2024,4
2024-04-05,British Columbia,93.546295,2024,4
2024-04-05,Manitoba,49.18898,2024,4
2024-04-05,Newfoundland,66.32737,2024,4
2024-04-05,Saskatchewan,61.228565,2024,4
2024-04-06,British Columbia,28.331884,2024,4
2024-04-06,Manitoba,15.883205,2024,4
2024-04-06,Newfoundland,22.745749,2024,4
2024-04-06,Saskatchewan,22.329987,2024,4
2024-04-07,British Columbia,33.62093,2024,4
2024-04-07,Manitoba,13.760071,2024,4
2024-04-07,Newfoundland,21.22774,2024,4
2024-04-07,Saskatchewan,20.917587,2024,4
2024-04-08,British Columbia,99.42481,2024,4
2024-04-08,Manitoba,52.623608,2024,4
2024-04-08,Newfoundland,73.424515,2024,4
2024-04-08,Saskatchewan,67.70921,2024,4
2024-04-09,British Columbia,106.74253,2024,4
2024-04-09,Manitoba,47.94335,2024,4
2024-04-09,Newfoundland,71.2286,2024,4
2024-04-09,Saskatchewan,67.6022,2024,4
2024-04-10,British Columbia,90.80935,2024,4
2024-04-10,Manitoba,48.208347,2024,4
2024-04-10,Newfoundland,64.14344,2024,4
2024-04-10,Saskatchewan,61.377857,2024,4
2024-04-11,British Columbia,101.7859,2024,4
2024-04-11,Manitoba,47.387978,2024,4
2024-04-11,Newfoundland,64.14344,2024,4
2024-04-11,Saskatchewan,61.068798,2024,4
2024-04-12,British Columbia,86.31589,2024,4
2024-04-12,Manitoba,49.551277,2024,4
2024-04-12,Newfoundland,65.85531,2024,4
2024-04-12,Saskatchewan,61.457912,2024,4
2024-04-13,British Columbia,29.720026,2024,4
2024-04-13,Manitoba,17.03568,2024,4
2024-04-13,Newfoundland,23.804594,2024,4
2024-04-13,Saskatchewan,23.112642,2024,4
2024-04-14,British Columbia,35.006298,2024,4
2024-04-14,Manitoba,17.30127,2024,4
2024-04-14,Newfoundland,22.78682,2024,4
2024-04-14,Saskatchewan,22.917095,2024,4
2024-04-15,British Columbia,108.734344,2024,4
2024-04-15,Manitoba,54.16766,2024,4
2024-04-15,Newfoundland,69.8053,2024,4
2024-04-15,Saskatchewan,60.716488,2024,4
2024-04-16,British Columbia,105.19075,2024,4
2024-04-16,Manitoba,49.239532,2024,4
2024-04-16,Newfoundland,71.75639,2024,4
2024-04-16,Saskatchewan,62.0315,2024,4
2024-04-17,British Columbia,98.52327,2024,4
2024-04-17,Manitoba,48.08201,2024,4
2024-04-17,Newfoundland,61.93963,2024,4
2024-04-17,Saskatchewan,62.388844,2024,4
2024-04-18,British Columbia,96.812874,2024,4
2024-04-18,Manitoba,48.102352,2024,4
2024-04-18,Newfoundland,63.91839,2024,4
2024-04-18,Saskatchewan,61.8215,2024,4
2024-04-19,British Columbia,103.40048,2024,4
2024-04-19,Manitoba,48.964916,2024,4
2024-04-19,Newfoundland,65.635475,2024,4
2024-04-19,Saskatchewan,61.8215,2024,4
2024-04-20,British Columbia,27.633778,2024,4
2024-04-20,Manitoba,14.837489,2024,4
2024-04-20,Newfoundland,23.187077,2024,4
2024-04-20,Saskatchewan,22.799578,2024,4
2024-04-21,British Columbia,32.1277,2024,4
2024-04-21,Manitoba,14.702771,2024,4
2024-04-21,Newfoundland,21.77267,2024,4
2024-04-21,Saskatchewan,20.538311,2024,4
2024-04-22,British Columbia,107.62764,2024,4
2024-04-22,Manitoba,54.267925,2024,4
2024-04-22,Newfoundland,73.74878,2024,4
2024-04-22,Saskatchewan,67.73733,2024,4
2024-04-23,British Columbia,106.45651,2024,4
2024-04-23,Manitoba,52.295837,2024,4
2024-04-23,Newfoundland,75.0917,2024,4
2024-04-23,Saskatchewan,65.36681,2024,4
2024-04-24,British Columbia,93.8797,2024,4
2024-04-24,Manitoba,51.90194,2024,4
2024-04-24,Newfoundland,65.59034,2024,4
2024-04-24,Saskatchewan,63.035664,2024,4
2024-04-25,British Columbia,100.785576,2024,4
2024-04-25,Manitoba,50.14756,2024,4
2024-04-25,Newfoundland,65.59034,2024,4
2024-04-25,Saskatchewan,63.035664,2024,4
2024-04-26,British Columbia,102.94167,2024,4
2024-04-26,Manitoba,49.908875,2024,4
2024-04-26,Newfoundland,65.59034,2024,4
2024-04-26,Saskatchewan,63.035664,2024,4
2024-04-27,British Columbia,20.026289,2024,4
2024-04-27,Manitoba,15.306795,2024,4
2024-04-27,Newfoundland,20.162958,2024,4
2024-04-27,Saskatchewan,19.06808,2024,4
2024-04-28,British Columbia,31.612661,2024,4
2024-04-28,Manitoba,13.844808,2024,4
2024-04-28,Newfoundland,16.639969,2024,4
2024-04-28,Saskatchewan,17.565767,2024,4
2024-04-29,British Columbia,114.362915,2024,4
2024-04-29,Manitoba,57.75195,2024,4
2024-04-29,Newfoundland,73.08299,2024,4
2024-04-29,Saskatchewan,65.922585,2024,4
2024-04-30,British Columbia,108.17572,2024,4
2024-04-30,Manitoba,49.603096,2024,4
2024-04-30,Newfoundland,63.49802,2024,4
2024-04-30,Saskatchewan,58.30931,2024,4
2024-05-01,British Columbia,74.8808,2024,5
2024-05-01,Manitoba,51.005173,2024,5
2024-05-01,Newfoundland,62.39429,2024,5
2024-05-01,Saskatchewan,59.012573,2024,5
2024-05-02,British Columbia,82.792,2024,5
2024-05-02,Manitoba,51.635296,2024,5
2024-05-02,Newfoundland,62.39429,2024,5
2024-05-02,Saskatchewan,59.012573,2024,5
2024-05-03,British Columbia,91.29068,2024,5
2024-05-03,Manitoba,46.840256,2024,5
2024-05-03,Newfoundland,65.59535,2024,5
2024-05-03,Saskatchewan,60.49655,2024,5
2024-05-04,British Columbia,27.679235,2024,5
2024-05-04,Manitoba,16.510473,2024,5
2024-05-04,Newfoundland,25.617544,2024,5
2024-05-04,Saskatchewan,27.252981,2024,5
2024-05-05,British Columbia,32.147858,2024,5
2024-05-05,Manitoba,17.220486,2024,5
2024-05-05,Newfoundland,22.92872,2024,5
2024-05-05,Saskatchewan,25.924631,2024,5
2024-05-06,British Columbia,87.9971,2024,5
2024-05-06,Manitoba,54.287094,2024,5
2024-05-06,Newfoundland,69.73614,2024,5
2024-05-06,Saskatchewan,62.60735,2024,5
2024-05-07,British Columbia,106.1646,2024,5
2024-05-07,Manitoba,46.32287,2024,5
2024-05-07,Newfoundland,74.947685,2024,5
2024-05-07,Saskatchewan,63.244736,2024,5
2024-05-08,British Columbia,84.21187,2024,5
2024-05-08,Manitoba,46.75786,2024,5
2024-05-08,Newfoundland,64.14344,2024,5
2024-05-08,Saskatchewan,61.377857,2024,5
2024-05-09,British Columbia,89.530266,2024,5
2024-05-09,Manitoba,48.57347,2024,5
2024-05-09,Newfoundland,64.14344,2024,5
2024-05-09,Saskatchewan,61.377857,2024,5
2024-05-10,British Columbia,89.03786,2024,5
2024-05-10,Manitoba,48.92913,2024,5
2024-05-10,Newfoundland,65.86051,2024,5
2024-05-10,Saskatchewan,59.390144,2024,5
2024-05-11,British Columbia,25.92367,2024,5
2024-05-11,Manitoba,17.579384,2024,5
2024-05-11,Newfoundland,24.785358,2024,5
2024-05-11,Saskatchewan,25.112131,2024,5
2024-05-12,British Columbia,31.821781,2024,5
2024-05-12,Manitoba,17.747986,2024,5
2024-05-12,Newfoundland,24.375645,2024,5
2024-05-12,Saskatchewan,21.692291,2024,5
2024-05-13,British Columbia,91.970566,2024,5
2024-05-13,Manitoba,54.95644,2024,5
2024-05-13,Newfoundland,69.77459,2024,5
2024-05-13,Saskatchewan,62.60215,2024,5
2024-05-14,British Columbia,104.96281,2024,5
2024-05-14,Manitoba,48.52147,2024,5
2024-05-14,Newfoundland,71.75639,2024,5
2024-05-14,Saskatchewan,62.0315,2024,5
2024-05-15,British Columbia,100.31892,2024,5
2024-05-15,Manitoba,47.070976,2024,5
2024-05-15,Newfoundland,61.93963,2024,5
2024-05-15,Saskatchewan,62.388844,2024,5
2024-05-16,British Columbia,101.76846,2024,5
2024-05-16,Manitoba,47.701103,2024,5
2024-05-16,Newfoundland,61.93963,2024,5
2024-05-16,Saskatchewan,60.72851,2024,5
2024-05-17,British Columbia,110.69193,2024,5
2024-05-17,Manitoba,49.067787,2024,5
2024-05-17,Newfoundland,63.6567,2024,5
2024-05-17,Saskatchewan,63.03299,2024,5
2024-05-18,British Columbia,25.380697,2024,5
2024-05-18,Manitoba,15.400574,2024,5
2024-05-18,Newfoundland,26.496653,2024,5
2024-05-18,Saskatchewan,27.861376,2024,5
2024-05-19,British Columbia,31.599445,2024,5
2024-05-19,Manitoba,13.380454,2024,5
2024-05-19,Newfoundland,25.39995,2024,5
2024-05-19,Saskatchewan,24.599936,2024,5
2024-05-20,British Columbia,105.04894,2024,5
2024-05-20,Manitoba,55.09072,2024,5
2024-05-20,Newfoundland,61.725616,2024,5
2024-05-20,Saskatchewan,60.496655,2024,5
2024-05-21,British Columbia,107.157074,2024,5
2024-05-21,Manitoba,49.766796,2024,5
2024-05-21,Newfoundland,76.91016,2024,5
2024-05-21,Saskatchewan,62.704823,2024,5
2024-05-22,British Columbia,99.40097,2024,5
2024-05-22,Manitoba,51.72747,2024,5
2024-05-22,Newfoundland,67.47355,2024,5
2024-05-22,Saskatchewan,63.856827,2024,5
2024-05-23,British Columbia,99.40097,2024,5
2024-05-23,Manitoba,51.90194,2024,5
2024-05-23,Newfoundland,66.70585,2024,5
2024-05-23,Saskatchewan,62.178173,2024,5
2024-05-24,British Columbia,94.9,2024,5
2024-05-24,Manitoba,49.908875,2024,5
2024-05-24,Newfoundland,65.59034,2024,5
2024-05-24,Saskatchewan,62.49357,2024,5
2024-05-25,British Columbia,20.853025,2024,5
2024-05-25,Manitoba,16.295103,2024,5
2024-05-25,Newfoundland,21.740961,2024,5
2024-05-25,Saskatchewan,21.500338,2024,5
2024-05-26,British Columbia,25.890879,2024,5
2024-05-26,Manitoba,14.888661,2024,5
2024-05-26,Newfoundland,18.03822,2024,5
2024-05-26,Saskatchewan,19.78077,2024,5
2024-05-27,British Columbia,123.57903,2024,5
2024-05-27,Manitoba,56.63625,2024,5
2024-05-27,Newfoundland,73.80177,2024,5
2024-05-27,Saskatchewan,67.79031,2024,5
2024-05-28,British Columbia,116.852425,2024,5
2024-05-28,Manitoba,48.713757,2024,5
2024-05-28,Newfoundland,75.173515,2024,5
2024-05-28,Saskatchewan,65.44862,2024,5
2024-05-29,British Columbia,104.87521,2024,5
2024-05-29,Manitoba,49.596336,2024,5
2024-05-29,Newfoundland,65.35676,2024,5
2024-05-29,Saskatchewan,62.259983,2024,5
2024-05-30,British Columbia,104.89932,2024,5
2024-05-30,Manitoba,46.17647,2024,5
2024-05-30,Newfoundland,51.41624,2024,5
2024-05-30,Saskatchewan,52.263126,2024,5
2024-05-31,British Columbia,91.70183,2024,5
2024-05-31,Manitoba,48.460293,2024,5
2024-05-31,Newfoundland,53.607315,2024,5
2024-05-31,Saskatchewan,56.485302,2024,5
2024-06-01,British Columbia,30.976814,2024,6
2024-06-01,Manitoba,17.540981,2024,6
2024-06-01,Newfoundland,26.15074,2024,6
2024-06-01,Saskatchewan,27.053286,2024,6
2024-06-02,British Columbia,31.049671,2024,6
2024-06-02,Manitoba,14.387339,2024,6
2024-06-02,Newfoundland,23.717747,2024,6
2024-06-02,Saskatchewan,26.226656,2024,6
2024-06-03,British Columbia,88.39267,2024,6
2024-06-03,Manitoba,53.891266,2024,6
2024-06-03,Newfoundland,67.44869,2024,6
2024-06-03,Saskatchewan,60.197506,2024,6
2024-06-04,British Columbia,97.435616,2024,6
2024-06-04,Manitoba,47.89748,2024,6
2024-06-04,Newfoundland,71.42745,2024,6
2024-06-04,Saskatchewan,59.807453,2024,6
2024-06-05,British Columbia,86.694954,2024,6
2024-06-05,Manitoba,46.711987,2024,6
2024-06-05,Newfoundland,65.25397,2024,6
2024-06-05,Saskatchewan,59.651497,2024,6
2024-06-06,British Columbia,95.58304,2024,6
2024-06-06,Manitoba,48.382233,2024,6
2024-06-06,Newfoundland,66.24599,2024,6
2024-06-06,Saskatchewan,61.185616,2024,6
2024-06-07,British Columbia,88.2968,2024,6
2024-06-07,Manitoba,49.65839,2024,6
2024-06-07,Newfoundland,66.07741,2024,6
2024-06-07,Saskatchewan,63.03819,2024,6
2024-06-08,British Columbia,27.81031,2024,6
2024-06-08,Manitoba,17.600758,2024,6
2024-06-08,Newfoundland,24.646442,2024,6
2024-06-08,Saskatchewan,23.47997,2024,6
2024-06-09,British Columbia,32.06585,2024,6
2024-06-09,Manitoba,14.376738,2024,6
2024-06-09,Newfoundland,22.185816,2024,6
2024-06-09,Saskatchewan,21.381496,2024,6
2024-06-10,British Columbia,86.333084,2024,6
2024-06-10,Manitoba,52.47356,2024,6
2024-06-10,Newfoundland,69.70543,2024,6
2024-06-10,Saskatchewan,62.300262,2024,6
2024-06-11,British Columbia,83.160034,2024,6
2024-06-11,Manitoba,48.672604,2024,6
2024-06-11,Newfoundland,75.48068,2024,6
2024-06-11,Saskatchewan,63.799084,2024,6
2024-06-12,British Columbia,86.222206,2024,6
2024-06-12,Manitoba,49.29475,2024,6
2024-06-12,Newfoundland,64.13824,2024,6
2024-06-12,Saskatchewan,61.372658,2024,6
2024-06-13,British Columbia,78.44818,2024,6
2024-06-13,Manitoba,49.441387,2024,6
2024-06-13,Newfoundland,62.92659,2024,6
2024-06-13,Saskatchewan,60.625454,2024,6
2024-06-14,British Columbia,89.51199,2024,6
2024-06-14,Manitoba,49.971508,2024,6
2024-06-14,Newfoundland,64.295685,2024,6
2024-06-14,Saskatchewan,61.270607,2024,6
2024-06-15,British Columbia,26.496096,2024,6
2024-06-15,Manitoba,18.451973,2024,6
2024-06-15,Newfoundland,27.280893,2024,6
2024-06-15,Saskatchewan,28.645617,2024,6
2024-06-16,British Columbia,33.27425,2024,6
2024-06-16,Manitoba,18.432735,2024,6
2024-06-16,Newfoundland,27.891449,2024,6
2024-06-16,Saskatchewan,28.112719,2024,6
2024-06-17,British Columbia,102.52341,2024,6
2024-06-17,Manitoba,51.89989,2024,6
2024-06-17,Newfoundland,62.414444,2024,6
2024-06-17,Saskatchewan,59.494854,2024,6
2024-06-18,British Columbia,98.94635,2024,6
2024-06-18,Manitoba,47.564064,2024,6
2024-06-18,Newfoundland,64.176414,2024,6
2024-06-18,Saskatchewan,59.926006,2024,6
2024-06-19,British Columbia,99.516754,2024,6
2024-06-19,Manitoba,49.164047,2024,6
2024-06-19,Newfoundland,65.635475,2024,6
2024-06-19,Saskatchewan,60.703262,2024,6
2024-06-20,British Columbia,99.70216,2024,6
2024-06-20,Manitoba,49.605164,2024,6
2024-06-20,Newfoundland,65.052574,2024,6
2024-06-20,Saskatchewan,60.703262,2024,6
2024-06-21,British Columbia,107.89368,2024,6
2024-06-21,Manitoba,49.860954,2024,6
2024-06-21,Newfoundland,67.289986,2024,6
2024-06-21,Saskatchewan,62.357773,2024,6
2024-06-22,British Columbia,27.007376,2024,6
2024-06-22,Manitoba,19.526304,2024,6
2024-06-22,Newfoundland,26.999874,2024,6
2024-06-22,Saskatchewan,27.278261,2024,6
2024-06-23,British Columbia,33.36873,2024,6
2024-06-23,Manitoba,19.260668,2024,6
2024-06-23,Newfoundland,26.93898,2024,6
2024-06-23,Saskatchewan,28.086147,2024,6
2024-06-24,British Columbia,114.485634,2024,6
2024-06-24,Manitoba,55.658337,2024,6
2024-06-24,Newfoundland,66.70404,2024,6
2024-06-24,Saskatchewan,66.294785,2024,6
2024-06-25,British Columbia,116.03187,2024,6
2024-06-25,Manitoba,54.49785,2024,6
2024-06-25,Newfoundland,71.23304,2024,6
2024-06-25,Saskatchewan,63.24221,2024,6
2024-06-26,British Columbia,95.72908,2024,6
2024-06-26,Manitoba,49.095737,2024,6
2024-06-26,Newfoundland,67.78895,2024,6
2024-06-26,Saskatchewan,62.49357,2024,6
2024-06-27,British Columbia,95.66417,2024,6
2024-06-27,Manitoba,49.88059,2024,6
2024-06-27,Newfoundland,67.537155,2024,6
2024-06-27,Saskatchewan,63.009476,2024,6
2024-06-28,British Columbia,99.694244,2024,6
2024-06-28,Manitoba,51.21101,2024,6
2024-06-28,Newfoundland,67.07383,2024,6
2024-06-28,Saskatchewan,62.259983,2024,6
2024-06-29,British Columbia,18.995914,2024,6
2024-06-29,Manitoba,20.52577,2024,6
2024-06-29,Newfoundland,22.000364,2024,6
2024-06-29,Saskatchewan,20.91688,2024,6
2024-06-30,British Columbia,25.158796,2024,6
2024-06-30,Manitoba,13.389231,2024,6
2024-06-30,Newfoundland,19.551231,2024,6
2024-06-30,Saskatchewan,19.37972,2024,6
2024-07-01,British Columbia,94.96808,2024,7
2024-07-01,Manitoba,55.385536,2024,7
2024-07-01,Newfoundland,66.46982,2024,7
2024-07-01,Saskatchewan,59.24933,2024,7
2024-07-02,British Columbia,88.41698,2024,7
2024-07-02,Manitoba,52.79194,2024,7
2024-07-02,Newfoundland,68.92061,2024,7
2024-07-02,Saskatchewan,59.552586,2024,7
2024-07-03,British Columbia,76.59882,2024,7
2024-07-03,Manitoba,50.630207,2024,7
2024-07-03,Newfoundland,60.145523,2024,7
2024-07-03,Saskatchewan,58.42031,2024,7
2024-07-04,British Columbia,78.12239,2024,7
2024-07-04,Manitoba,48.982815,2024,7
2024-07-04,Newfoundland,63.076138,2024,7
2024-07-04,Saskatchewan,59.152325,2024,7
2024-07-05,British Columbia,99.91604,2024,7
2024-07-05,Manitoba,50.373447,2024,7
2024-07-05,Newfoundland,64.11112,2024,7
2024-07-05,Saskatchewan,60.729393,2024,7
2024-07-06,British Columbia,26.39158,2024,7
2024-07-06,Manitoba,20.268366,2024,7
2024-07-06,Newfoundland,25.929237,2024,7
2024-07-06,Saskatchewan,28.085745,2024,7
2024-07-07,British Columbia,26.164726,2024,7
2024-07-07,Manitoba,18.575298,2024,7
2024-07-07,Newfoundland,25.398952,2024,7
2024-07-07,Saskatchewan,24.862597,2024,7
2024-07-08,British Columbia,80.89523,2024,7
2024-07-08,Manitoba,57.468246,2024,7
2024-07-08,Newfoundland,68.811646,2024,7
2024-07-08,Saskatchewan,62.445236,2024,7
2024-07-09,British Columbia,97.87393,2024,7
2024-07-09,Manitoba,54.547546,2024,7
2024-07-09,Newfoundland,70.72944,2024,7
2024-07-09,Saskatchewan,62.745564,2024,7
2024-07-10,British Columbia,88.30251,2024,7
2024-07-10,Manitoba,49.75794,2024,7
2024-07-10,Newfoundland,63.644253,2024,7
2024-07-10,Saskatchewan,60.878685,2024,7
2024-07-11,British Columbia,89.17729,2024,7
2024-07-11,Manitoba,49.75794,2024,7
2024-07-11,Newfoundland,64.52363,2024,7
2024-07-11,Saskatchewan,60.878685,2024,7
2024-07-12,British Columbia,101.55641,2024,7
2024-07-12,Manitoba,50.113598,2024,7
2024-07-12,Newfoundland,65.36134,2024,7
2024-07-12,Saskatchewan,60.02753,2024,7
2024-07-13,British Columbia,25.78031,2024,7
2024-07-13,Manitoba,20.276468,2024,7
2024-07-13,Newfoundland,24.645052,2024,7
2024-07-13,Saskatchewan,27.152021,2024,7
2024-07-14,British Columbia,26.91397,2024,7
2024-07-14,Manitoba,17.77912,2024,7
2024-07-14,Newfoundland,23.532743,2024,7
2024-07-14,Saskatchewan,25.200163,2024,7
2024-07-15,British Columbia,100.10298,2024,7
2024-07-15,Manitoba,55.33319,2024,7
2024-07-15,Newfoundland,67.903755,2024,7
2024-07-15,Saskatchewan,60.92837,2024,7
2024-07-16,British Columbia,93.11566,2024,7
2024-07-16,Manitoba,48.35196,2024,7
2024-07-16,Newfoundland,70.66456,2024,7
2024-07-16,Saskatchewan,60.385303,2024,7
2024-07-17,British Columbia,103.270874,2024,7
2024-07-17,Manitoba,50.49844,2024,7
2024-07-17,Newfoundland,63.04638,2024,7
2024-07-17,Saskatchewan,60.178757,2024,7
2024-07-18,British Columbia,102.26277,2024,7
2024-07-18,Manitoba,49.714195,2024,7
2024-07-18,Newfoundland,62.826546,2024,7
2024-07-18,Saskatchewan,59.069317,2024,7
2024-07-19,British Columbia,104.79424,2024,7
2024-07-19,Manitoba,50.069855,2024,7
2024-07-19,Newfoundland,62.826546,2024,7
2024-07-19,Saskatchewan,60.72965,2024,7
2024-07-20,British Columbia,22.10443,2024,7
2024-07-20,Manitoba,21.571236,2024,7
2024-07-20,Newfoundland,24.361795,2024,7
2024-07-20,Saskatchewan,27.022135,2024,7
2024-07-21,British Columbia,27.750744,2024,7
2024-07-21,Manitoba,18.80639,2024,7
2024-07-21,Newfoundland,22.309343,2024,7
2024-07-21,Saskatchewan,22.899158,2024,7
2024-07-22,British Columbia,122.23702,2024,7
2024-07-22,Manitoba,57.82925,2024,7
2024-07-22,Newfoundland,71.00243,2024,7
2024-07-22,Saskatchewan,64.11939,2024,7
2024-07-23,British Columbia,91.69622,2024,7
2024-07-23,Manitoba,54.22793,2024,7
2024-07-23,Newfoundland,72.34535,2024,7
2024-07-23,Saskatchewan,63.7387,2024,7
2024-07-24,British Columbia,99.31851,2024,7
2024-07-24,Manitoba,49.704967,2024,7
2024-07-24,Newfoundland,65.04258,2024,7
2024-07-24,Saskatchewan,62.174965,2024,7
2024-07-25,British Columbia,104.1682,2024,7
2024-07-25,Manitoba,49.704967,2024,7
2024-07-25,Newfoundland,65.04258,2024,7
2024-07-25,Saskatchewan,62.174965,2024,7
2024-07-26,British Columbia,106.353294,2024,7
2024-07-26,Manitoba,50.060627,2024,7
2024-07-26,Newfoundland,66.75966,2024,7
2024-07-26,Saskatchewan,60.289303,2024,7
2024-07-27,British Columbia,16.32464,2024,7
2024-07-27,Manitoba,18.220741,2024,7
2024-07-27,Newfoundland,21.337664,2024,7
2024-07-27,Saskatchewan,25.366074,2024,7
2024-07-28,British Columbia,18.39562,2024,7
2024-07-28,Manitoba,15.23373,2024,7
2024-07-28,Newfoundland,18.833714,2024,7
2024-07-28,Saskatchewan,18.31785,2024,7
2024-07-29,British Columbia,124.989044,2024,7
2024-07-29,Manitoba,60.032772,2024,7
2024-07-29,Newfoundland,70.33665,2024,7
2024-07-29,Saskatchewan,63.17622,2024,7
2024-07-30,British Columbia,114.346954,2024,7
2024-07-30,Manitoba,52.436176,2024,7
2024-07-30,Newfoundland,67.253815,2024,7
2024-07-30,Saskatchewan,57.52892,2024,7
2024-07-31,British Columbia,113.6989,2024,7
2024-07-31,Manitoba,48.916218,2024,7
2024-07-31,Newfoundland,62.765324,2024,7
2024-07-31,Saskatchewan,59.044006,2024,7
2024-08-01,British Columbia,84.10529,2024,8
2024-08-01,Manitoba,54.202366,2024,8
2024-08-01,Newfoundland,63.82322,2024,8
2024-08-01,Saskatchewan,58.724415,2024,8
2024-08-02,British Columbia,95.08086,2024,8
2024-08-02,Manitoba,56.031395,2024,8
2024-08-02,Newfoundland,64.85819,2024,8
2024-08-02,Saskatchewan,59.759388,2024,8
2024-08-03,British Columbia,30.259008,2024,8
2024-08-03,Manitoba,18.914509,2024,8
2024-08-03,Newfoundland,26.808022,2024,8
2024-08-03,Saskatchewan,27.051702,2024,8
2024-08-04,British Columbia,34.170483,2024,8
2024-08-04,Manitoba,17.956558,2024,8
2024-08-04,Newfoundland,24.173561,2024,8
2024-08-04,Saskatchewan,25.841154,2024,8
2024-08-05,British Columbia,86.99893,2024,8
2024-08-05,Manitoba,53.32938,2024,8
2024-08-05,Newfoundland,67.861855,2024,8
2024-08-05,Saskatchewan,61.487686,2024,8
2024-08-06,British Columbia,98.96303,2024,8
2024-08-06,Manitoba,50.642933,2024,8
2024-08-06,Newfoundland,70.94045,2024,8
2024-08-06,Saskatchewan,62.0856,2024,8
2024-08-07,British Columbia,89.92655,2024,8
2024-08-07,Manitoba,49.968952,2024,8
2024-08-07,Newfoundland,63.855263,2024,8
2024-08-07,Saskatchewan,62.75003,2024,8
2024-08-08,British Columbia,88.89386,2024,8
2024-08-08,Manitoba,48.79182,2024,8
2024-08-08,Newfoundland,65.57236,2024,8
2024-08-08,Saskatchewan,61.631794,2024,8
2024-08-09,British Columbia,78.9386,2024,8
2024-08-09,Manitoba,50.75186,2024,8
2024-08-09,Newfoundland,65.57236,2024,8
2024-08-09,Saskatchewan,61.424786,2024,8
2024-08-10,British Columbia,27.565979,2024,8
2024-08-10,Manitoba,17.408516,2024,8
2024-08-10,Newfoundland,23.737911,2024,8
2024-08-10,Saskatchewan,23.262766,2024,8
2024-08-11,British Columbia,32.9232,2024,8
2024-08-11,Manitoba,17.664509,2024,8
2024-08-11,Newfoundland,23.18185,2024,8
2024-08-11,Saskatchewan,22.161156,2024,8
2024-08-12,British Columbia,86.00091,2024,8
2024-08-12,Manitoba,55.18352,2024,8
2024-08-12,Newfoundland,69.02266,2024,8
2024-08-12,Saskatchewan,62.009174,2024,8
2024-08-13,British Columbia,104.031525,2024,8
2024-08-13,Manitoba,49.11176,2024,8
2024-08-13,Newfoundland,70.87557,2024,8
2024-08-13,Saskatchewan,61.150665,2024,8
2024-08-14,British Columbia,82.840744,2024,8
2024-08-14,Manitoba,49.11176,2024,8
2024-08-14,Newfoundland,63.257393,2024,8
2024-08-14,Saskatchewan,61.508007,2024,8
2024-08-15,British Columbia,97.66931,2024,8
2024-08-15,Manitoba,53.52875,2024,8
2024-08-15,Newfoundland,63.257393,2024,8
2024-08-15,Saskatchewan,61.508007,2024,8
2024-08-16,British Columbia,101.572655,2024,8
2024-08-16,Manitoba,47.352604,2024,8
2024-08-16,Newfoundland,64.97448,2024,8
2024-08-16,Saskatchewan,61.508007,2024,8
2024-08-17,British Columbia,27.695246,2024,8
2024-08-17,Manitoba,18.631367,2024,8
2024-08-17,Newfoundland,28.35814,2024,8
2024-08-17,Saskatchewan,28.56214,2024,8
2024-08-18,British Columbia,31.515968,2024,8
2024-08-18,Manitoba,18.853287,2024,8
2024-08-18,Newfoundland,25.689045,2024,8
2024-08-18,Saskatchewan,25.091215,2024,8
2024-08-19,British Columbia,105.02994,2024,8
2024-08-19,Manitoba,50.1212,2024,8
2024-08-19,Newfoundland,61.313774,2024,8
2024-08-19,Saskatchewan,60.984455,2024,8
2024-08-20,British Columbia,118.65807,2024,8
2024-08-20,Manitoba,45.786446,2024,8
2024-08-20,Newfoundland,70.65574,2024,8
2024-08-20,Saskatchewan,60.58332,2024,8
2024-08-21,British Columbia,95.964226,2024,8
2024-08-21,Manitoba,46.546425,2024,8
2024-08-21,Newfoundland,63.03756,2024,8
2024-08-21,Saskatchewan,59.822426,2024,8
2024-08-22,British Columbia,101.820786,2024,8
2024-08-22,Manitoba,47.917942,2024,8
2024-08-22,Newfoundland,64.938194,2024,8
2024-08-22,Saskatchewan,62.070583,2024,8
2024-08-23,British Columbia,99.60764,2024,8
2024-08-23,Manitoba,49.26601,2024,8
2024-08-23,Newfoundland,66.65527,2024,8
2024-08-23,Saskatchewan,62.070583,2024,8
2024-08-24,British Columbia,25.513666,2024,8
2024-08-24,Manitoba,16.596668,2024,8
2024-08-24,Newfoundland,23.682045,2024,8
2024-08-24,Saskatchewan,23.862507,2024,8
2024-08-25,British Columbia,27.223076,2024,8
2024-08-25,Manitoba,15.315367,2024,8
2024-08-25,Newfoundland,18.963713,2024,8
2024-08-25,Saskatchewan,20.475609,2024,8
2024-08-26,British Columbia,113.00085,2024,8
2024-08-26,Manitoba,54.000355,2024,8
2024-08-26,Newfoundland,70.750534,2024,8
2024-08-26,Saskatchewan,63.313732,2024,8
2024-08-27,British Columbia,114.9692,2024,8
2024-08-27,Manitoba,50.556538,2024,8
2024-08-27,Newfoundland,73.38767,2024,8
2024-08-27,Saskatchewan,64.78101,2024,8
2024-08-28,British Columbia,96.84064,2024,8
2024-08-28,Manitoba,51.855465,2024,8
2024-08-28,Newfoundland,65.02001,2024,8
2024-08-28,Saskatchewan,62.152393,2024,8
2024-08-29,British Columbia,104.14962,2024,8
2024-08-29,Manitoba,48.5751,2024,8
2024-08-29,Newfoundland,65.02001,2024,8
2024-08-29,Saskatchewan,62.152393,2024,8
2024-08-30,British Columbia,117.72552,2024,8
2024-08-30,Manitoba,50.086407,2024,8
2024-08-30,Newfoundland,59.84666,2024,8
2024-08-30,Saskatchewan,56.436943,2024,8
2024-08-31,British Columbia,23.81065,2024,8
2024-08-31,Manitoba,15.852098,2024,8
2024-08-31,Newfoundland,24.807178,2024,8
2024-08-31,Saskatchewan,23.9801,2024,8
2024-09-01,British Columbia,34.57843,2024,9
2024-09-01,Manitoba,17.862883,2024,9
2024-09-01,Newfoundland,22.082073,2024,9
2024-09-01,Saskatchewan,24.60604,2024,9
2024-09-02,British Columbia,80.675804,2024,9
2024-09-02,Manitoba,55.6252,2024,9
2024-09-02,Newfoundland,66.71154,2024,9
2024-09-02,Saskatchewan,59.460342,2024,9
2024-09-03,British Columbia,92.06575,2024,9
2024-09-03,Manitoba,49.89885,2024,9
2024-09-03,Newfoundland,69.58063,2024,9
2024-09-03,Saskatchewan,60.766953,2024,9
2024-09-04,British Columbia,88.20085,2024,9
2024-09-04,Manitoba,45.22801,2024,9
2024-09-04,Newfoundland,63.28715,2024,9
2024-09-04,Saskatchewan,59.905434,2024,9
2024-09-05,British Columbia,96.9929,2024,9
2024-09-05,Manitoba,48.866787,2024,9
2024-09-05,Newfoundland,65.00424,2024,9
2024-09-05,Saskatchewan,59.905434,2024,9
2024-09-06,British Columbia,89.65752,2024,9
2024-09-06,Manitoba,49.99757,2024,9
2024-09-06,Newfoundland,66.2165,2024,9
2024-09-06,Saskatchewan,61.324707,2024,9
2024-09-07,British Columbia,27.36165,2024,9
2024-09-07,Manitoba,17.478893,2024,9
2024-09-07,Newfoundland,25.119598,2024,9
2024-09-07,Saskatchewan,24.280018,2024,9
2024-09-08,British Columbia,33.027985,2024,9
2024-09-08,Manitoba,16.956633,2024,9
2024-09-08,Newfoundland,23.062777,2024,9
2024-09-08,Saskatchewan,22.867613,2024,9
2024-09-09,British Columbia,84.43294,2024,9
2024-09-09,Manitoba,56.129143,2024,9
2024-09-09,Newfoundland,69.02266,2024,9
2024-09-09,Saskatchewan,62.65625,2024,9
2024-09-10,British Columbia,88.8707,2024,9
2024-09-10,Manitoba,44.36056,2024,9
2024-09-10,Newfoundland,70.94045,2024,9
2024-09-10,Saskatchewan,62.86678,2024,9
2024-09-11,British Columbia,90.64684,2024,9
2024-09-11,Manitoba,48.38072,2024,9
2024-09-11,Newfoundland,63.855263,2024,9
2024-09-11,Saskatchewan,62.75003,2024,9
2024-09-12,British Columbia,79.383286,2024,9
2024-09-12,Manitoba,49.64191,2024,9
2024-09-12,Newfoundland,65.57236,2024,9
2024-09-12,Saskatchewan,61.631794,2024,9
2024-09-13,British Columbia,88.5878,2024,9
2024-09-13,Manitoba,49.09067,2024,9
2024-09-13,Newfoundland,64.97448,2024,9
2024-09-13,Saskatchewan,60.38977,2024,9
2024-09-14,British Columbia,27.18804,2024,9
2024-09-14,Manitoba,19.227283,2024,9
2024-09-14,Newfoundland,26.55938,2024,9
2024-09-14,Saskatchewan,26.97944,2024,9
2024-09-15,British Columbia,33.190773,2024,9
2024-09-15,Manitoba,15.47772,2024,9
2024-09-15,Newfoundland,25.835249,2024,9
2024-09-15,Saskatchewan,25.65109,2024,9
2024-09-16,British Columbia,103.93519,2024,9
2024-09-16,Manitoba,52.85269,2024,9
2024-09-16,Newfoundland,60.951675,2024,9
2024-09-16,Saskatchewan,59.25372,2024,9
2024-09-17,British Columbia,101.25727,2024,9
2024-09-17,Manitoba,48.36989,2024,9
2024-09-17,Newfoundland,70.87557,2024,9
2024-09-17,Saskatchewan,61.150665,2024,9
2024-09-18,British Columbia,100.193886,2024,9
2024-09-18,Manitoba,47.146187,2024,9
2024-09-18,Newfoundland,64.75465,2024,9
2024-09-18,Saskatchewan,60.169937,2024,9
2024-09-19,British Columbia,96.25771,2024,9
2024-09-19,Manitoba,48.45768,2024,9
2024-09-19,Newfoundland,63.03756,2024,9
2024-09-19,Saskatchewan,59.822426,2024,9
2024-09-20,British Columbia,108.467064,2024,9
2024-09-20,Manitoba,49.079987,2024,9
2024-09-20,Newfoundland,64.75465,2024,9
2024-09-20,Saskatchewan,60.940662,2024,9
2024-09-21,British Columbia,24.505777,2024,9
2024-09-21,Manitoba,16.47157,2024,9
2024-09-21,Newfoundland,24.681618,2024,9
2024-09-21,Saskatchewan,25.101679,2024,9
2024-09-22,British Columbia,32.62201,2024,9
2024-09-22,Manitoba,17.356167,2024,9
2024-09-22,Newfoundland,24.225908,2024,9
2024-09-22,Saskatchewan,23.593016,2024,9
2024-09-23,British Columbia,116.563705,2024,9
2024-09-23,Manitoba,54.7877,2024,9
2024-09-23,Newfoundland,71.21345,2024,9
2024-09-23,Saskatchewan,63.776653,2024,9
2024-09-24,British Columbia,114.34959,2024,9
2024-09-24,Manitoba,49.332226,2024,9
2024-09-24,Newfoundland,72.871765,2024,9
2024-09-24,Saskatchewan,63.146873,2024,9
2024-09-25,British Columbia,98.4427,2024,9
2024-09-25,Manitoba,50.095844,2024,9
2024-09-25,Newfoundland,65.25359,2024,9
2024-09-25,Saskatchewan,62.38598,2024,9
2024-09-26,British Columbia,95.59157,2024,9
2024-09-26,Manitoba,47.74712,2024,9
2024-09-26,Newfoundland,63.055,2024,9
2024-09-26,Saskatchewan,62.38598,2024,9
2024-09-27,British Columbia,97.9283,2024,9
2024-09-27,Manitoba,51.236355,2024,9
2024-09-27,Newfoundland,67.48658,2024,9
2024-09-27,Saskatchewan,62.694878,2024,9
2024-09-28,British Columbia,19.59219,2024,9
2024-09-28,Manitoba,17.615604,2024,9
2024-09-28,Newfoundland,22.709398,2024,9
2024-09-28,Saskatchewan,22.729174,2024,9
2024-09-29,British Columbia,27.827673,2024,9
2024-09-29,Manitoba,12.374029,2024,9
2024-09-29,Newfoundland,17.954742,2024,9
2024-09-29,Saskatchewan,18.528864,2024,9
2024-09-30,British Columbia,113.05536,2024,9
2024-09-30,Manitoba,47.821712,2024,9
2024-09-30,Newfoundland,65.374306,2024,9
2024-09-30,Saskatchewan,58.21388,2024,9
2024-10-01,British Columbia,103.316986,2024,10
2024-10-01,Manitoba,54.422337,2024,10
2024-10-01,Newfoundland,69.13162,2024,10
2024-10-01,Saskatchewan,58.892624,2024,10
2024-10-02,British Columbia,82.6915,2024,10
2024-10-02,Manitoba,54.422337,2024,10
2024-10-02,Newfoundland,62.106133,2024,10
2024-10-02,Saskatchewan,58.724415,2024,10
2024-10-03,British Columbia,83.459465,2024,10
2024-10-03,Manitoba,46.518063,2024,10
2024-10-03,Newfoundland,64.272224,2024,10
2024-10-03,Saskatchewan,59.17342,2024,10
2024-10-04,British Columbia,79.23352,2024,10
2024-10-04,Manitoba,50.25742,2024,10
2024-10-04,Newfoundland,66.039215,2024,10
2024-10-04,Saskatchewan,60.940407,2024,10
2024-10-05,British Columbia,28.389698,2024,10
2024-10-05,Manitoba,17.156246,2024,10
2024-10-05,Newfoundland,23.617891,2024,10
2024-10-05,Saskatchewan,25.575268,2024,10
2024-10-06,British Columbia,30.410915,2024,10
2024-10-06,Manitoba,16.956633,2024,10
2024-10-06,Newfoundland,23.982515,2024,10
2024-10-06,Saskatchewan,23.29855,2024,10
2024-10-07,British Columbia,106.59317,2024,10
2024-10-07,Manitoba,54.538662,2024,10
2024-10-07,Newfoundland,69.02266,2024,10
2024-10-07,Saskatchewan,62.65625,2024,10
2024-10-08,British Columbia,103.89997,2024,10
2024-10-08,Manitoba,46.864162,2024,10
2024-10-08,Newfoundland,70.94045,2024,10
2024-10-08,Saskatchewan,62.0856,2024,10
2024-10-09,British Columbia,88.65304,2024,10
2024-10-09,Manitoba,46.663067,2024,10
2024-10-09,Newfoundland,63.855263,2024,10
2024-10-09,Saskatchewan,62.75003,2024,10
2024-10-10,British Columbia,89.52782,2024,10
2024-10-10,Manitoba,49.64191,2024,10
2024-10-10,Newfoundland,65.57236,2024,10
2024-10-10,Saskatchewan,61.631794,2024,10
2024-10-11,British Columbia,89.15206,2024,10
2024-10-11,Manitoba,48.812077,2024,10
2024-10-11,Newfoundland,65.57236,2024,10
2024-10-11,Saskatchewan,60.987648,2024,10
2024-10-12,British Columbia,29.198608,2024,10
2024-10-12,Manitoba,18.526415,2024,10
2024-10-12,Newfoundland,25.76387,2024,10
2024-10-12,Saskatchewan,24.855145,2024,10
2024-10-13,British Columbia,35.975113,2024,10
2024-10-13,Manitoba,18.349258,2024,10
2024-10-13,Newfoundland,23.743757,2024,10
2024-10-13,Saskatchewan,23.874035,2024,10
2024-10-14,British Columbia,92.13994,2024,10
2024-10-14,Manitoba,52.083725,2024,10
2024-10-14,Newfoundland,68.42478,2024,10
2024-10-14,Saskatchewan,61.721313,2024,10
2024-10-15,British Columbia,98.24489,2024,10
2024-10-15,Manitoba,48.8436,2024,10
2024-10-15,Newfoundland,70.87557,2024,10
2024-10-15,Saskatchewan,61.150665,2024,10
2024-10-16,British Columbia,101.20004,2024,10
2024-10-16,Manitoba,48.8436,2024,10
2024-10-16,Newfoundland,63.257393,2024,10
2024-10-16,Saskatchewan,60.38977,2024,10
2024-10-17,British Columbia,101.20004,2024,10
2024-10-17,Manitoba,48.56055,2024,10
2024-10-17,Newfoundland,63.257393,2024,10
2024-10-17,Saskatchewan,60.38977,2024,10
2024-10-18,British Columbia,107.325264,2024,10
2024-10-18,Manitoba,48.306435,2024,10
2024-10-18,Newfoundland,64.75465,2024,10
2024-10-18,Saskatchewan,60.940662,2024,10
2024-10-19,British Columbia,25.816694,2024,10
2024-10-19,Manitoba,16.20492,2024,10
2024-10-19,Newfoundland,25.262203,2024,10
2024-10-19,Saskatchewan,24.99287,2024,10
2024-10-20,British Columbia,33.852455,2024,10
2024-10-20,Manitoba,16.185682,2024,10
2024-10-20,Newfoundland,23.764277,2024,10
2024-10-20,Saskatchewan,22.427025,2024,10
2024-10-21,British Columbia,107.38419,2024,10
2024-10-21,Manitoba,54.01075,2024,10
2024-10-21,Newfoundland,68.20495,2024,10
2024-10-21,Saskatchewan,62.272205,2024,10
2024-10-22,British Columbia,88.90128,2024,10
2024-10-22,Manitoba,49.332226,2024,10
2024-10-22,Newfoundland,72.556366,2024,10
2024-10-22,Saskatchewan,63.949715,2024,10
2024-10-23,British Columbia,98.79166,2024,10
2024-10-23,Manitoba,49.921383,2024,10
2024-10-23,Newfoundland,64.938194,2024,10
2024-10-23,Saskatchewan,62.070583,2024,10
2024-10-24,British Columbia,99.29329,2024,10
2024-10-24,Manitoba,50.095844,2024,10
2024-10-24,Newfoundland,63.055,2024,10
2024-10-24,Saskatchewan,62.38598,2024,10
2024-10-25,British Columbia,106.32807,2024,10
2024-10-25,Manitoba,50.451504,2024,10
2024-10-25,Newfoundland,66.97067,2024,10
2024-10-25,Saskatchewan,62.38598,2024,10
2024-10-26,British Columbia,18.225004,2024,10
2024-10-26,Manitoba,16.83075,2024,10
2024-10-26,Newfoundland,20.90735,2024,10
2024-10-26,Saskatchewan,21.568453,2024,10
2024-10-27,British Columbia,28.503513,2024,10
2024-10-27,Manitoba,14.805183,2024,10
2024-10-27,Newfoundland,19.044727,2024,10
2024-10-27,Saskatchewan,19.382858,2024,10
2024-10-28,British Columbia,128.10373,2024,10
2024-10-28,Manitoba,50.898663,2024,10
2024-10-28,Newfoundland,70.51695,2024,10
2024-10-28,Saskatchewan,64.50548,2024,10
2024-10-29,British Columbia,110.73935,2024,10
2024-10-29,Manitoba,50.334667,2024,10
2024-10-29,Newfoundland,72.63818,2024,10
2024-10-29,Saskatchewan,62.48703,2024,10
2024-10-30,British Columbia,92.96261,2024,10
2024-10-30,Manitoba,48.20963,2024,10
2024-10-30,Newfoundland,59.84666,2024,10
2024-10-30,Saskatchewan,56.97904,2024,10
2024-10-31,British Columbia,91.3593,2024,10
2024-10-31,Manitoba,48.95108,2024,10
2024-10-31,Newfoundland,61.259266,2024,10
2024-10-31,Saskatchewan,59.25502,2024,10
2024-11-01,British Columbia,92.70233,2024,11
2024-11-01,Manitoba,56.672703,2024,11
2024-11-01,Newfoundland,65.0878,2024,11
2024-11-01,Saskatchewan,59.989,2024,11
2024-11-02,British Columbia,28.43895,2024,11
2024-11-02,Manitoba,17.591936,2024,11
2024-11-02,Newfoundland,25.534067,2024,11
2024-11-02,Saskatchewan,27.515987,2024,11
2024-11-03,British Columbia,33.50209,2024,11
2024-11-03,Manitoba,16.633986,2024,11
2024-11-03,Newfoundland,22.845243,2024,11
2024-11-03,Saskatchewan,25.841154,2024,11
2024-11-04,British Columbia,91.76974,2024,11
2024-11-04,Manitoba,53.99314,2024,11
2024-11-04,Newfoundland,68.12217,2024,11
2024-11-04,Saskatchewan,61.18099,2024,11
2024-11-05,British Columbia,90.288635,2024,11
2024-11-05,Manitoba,47.71524,2024,11
2024-11-05,Newfoundland,70.54225,2024,11
2024-11-05,Saskatchewan,61.728577,2024,11
2024-11-06,British Columbia,80.84046,2024,11
2024-11-06,Manitoba,46.892677,2024,11
2024-11-06,Newfoundland,64.72902,2024,11
2024-11-06,Saskatchewan,62.97964,2024,11
2024-11-07,British Columbia,87.3109,2024,11
2024-11-07,Manitoba,47.522797,2024,11
2024-11-07,Newfoundland,64.08488,2024,11
2024-11-07,Saskatchewan,61.861404,2024,11
2024-11-08,British Columbia,78.81687,2024,11
2024-11-08,Manitoba,48.305706,2024,11
2024-11-08,Newfoundland,65.80196,2024,11
2024-11-08,Saskatchewan,61.654396,2024,11
2024-11-09,British Columbia,27.565979,2024,11
2024-11-09,Manitoba,17.446903,2024,11
2024-11-09,Newfoundland,23.737911,2024,11
2024-11-09,Saskatchewan,23.5772,2024,11
2024-11-10,British Columbia,32.291904,2024,11
2024-11-10,Manitoba,14.29326,2024,11
2024-11-10,Newfoundland,22.102339,2024,11
2024-11-10,Saskatchewan,21.85036,2024,11
2024-11-11,British Columbia,92.71953,2024,11
2024-11-11,Manitoba,50.9505,2024,11
2024-11-11,Newfoundland,69.252266,2024,11
2024-11-11,Saskatchewan,62.5488,2024,11
2024-11-12,British Columbia,89.15785,2024,11
2024-11-12,Manitoba,49.2414,2024,11
2024-11-12,Newfoundland,71.70306,2024,11
2024-11-12,Saskatchewan,61.978153,2024,11
2024-11-13,British Columbia,87.60097,2024,11
2024-11-13,Manitoba,48.334503,2024,11
2024-11-13,Newfoundland,63.487003,2024,11
2024-11-13,Saskatchewan,60.61938,2024,11
2024-11-14,British Columbia,87.97672,2024,11
2024-11-14,Manitoba,48.964622,2024,11
2024-11-14,Newfoundland,65.20409,2024,11
2024-11-14,Saskatchewan,61.737617,2024,11
2024-11-15,British Columbia,96.804665,2024,11
2024-11-15,Manitoba,49.815422,2024,11
2024-11-15,Newfoundland,65.20409,2024,11
2024-11-15,Saskatchewan,61.737617,2024,11
2024-11-16,British Columbia,28.332308,2024,11
2024-11-16,Manitoba,18.368496,2024,11
2024-11-16,Newfoundland,26.55938,2024,11
2024-11-16,Saskatchewan,28.56214,2024,11
2024-11-17,British Columbia,32.0356,2024,11
2024-11-17,Manitoba,13.978206,2024,11
2024-11-17,Newfoundland,26.697653,2024,11
2024-11-17,Saskatchewan,27.057377,2024,11
2024-11-18,British Columbia,99.504524,2024,11
2024-11-18,Manitoba,49.259357,2024,11
2024-11-18,Newfoundland,61.543385,2024,11
2024-11-18,Saskatchewan,59.205727,2024,11
2024-11-19,British Columbia,100.3097,2024,11
2024-11-19,Manitoba,52.39658,2024,11
2024-11-19,Newfoundland,70.885345,2024,11
2024-11-19,Saskatchewan,60.605923,2024,11
2024-11-20,British Columbia,98.14374,2024,11
2024-11-20,Manitoba,48.77947,2024,11
2024-11-20,Newfoundland,63.26717,2024,11
2024-11-20,Saskatchewan,59.50994,2024,11
2024-11-21,British Columbia,105.77417,2024,11
2024-11-21,Manitoba,48.953938,2024,11
2024-11-21,Newfoundland,64.98425,2024,11
2024-11-21,Saskatchewan,60.052036,2024,11
2024-11-22,British Columbia,90.85096,2024,11
2024-11-22,Manitoba,50.681114,2024,11
2024-11-22,Newfoundland,66.88488,2024,11
2024-11-22,Saskatchewan,62.300194,2024,11
2024-11-23,British Columbia,31.025064,2024,11
2024-11-23,Manitoba,18.159302,2024,11
2024-11-23,Newfoundland,26.333055,2024,11
2024-11-23,Saskatchewan,27.24948,2024,11
2024-11-24,British Columbia,28.388527,2024,11
2024-11-24,Manitoba,15.00696,2024,11
2024-11-24,Newfoundland,21.53169,2024,11
2024-11-24,Saskatchewan,22.013042,2024,11
2024-11-25,British Columbia,126.59025,2024,11
2024-11-25,Manitoba,53.15609,2024,11
2024-11-25,Newfoundland,71.75845,2024,11
2024-11-25,Saskatchewan,65.74699,2024,11
2024-11-26,British Columbia,114.88367,2024,11
2024-11-26,Manitoba,48.11582,2024,11
2024-11-26,Newfoundland,65.74122,2024,11
2024-11-26,Saskatchewan,63.376484,2024,11
2024-11-27,British Columbia,68.58282,2024,11
2024-11-27,Manitoba,51.110306,2024,11
2024-11-27,Newfoundland,65.99911,2024,11
2024-11-27,Saskatchewan,62.5894,2024,11
2024-11-28,British Columbia,107.77113,2024,11
2024-11-28,Manitoba,50.330696,2024,11
2024-11-28,Newfoundland,65.24962,2024,11
2024-11-28,Saskatchewan,59.954247,2024,11
2024-11-29,British Columbia,110.95062,2024,11
2024-11-29,Manitoba,49.16037,2024,11
2024-11-29,Newfoundland,66.9667,2024,11
2024-11-29,Saskatchewan,59.954247,2024,11
2024-11-30,British Columbia,21.79088,2024,11
2024-11-30,Manitoba,17.648138,2024,11
2024-11-30,Newfoundland,22.17688,2024,11
2024-11-30,Saskatchewan,25.577087,2024,11
2024-12-01,British Columbia,32.183346,2024,12
2024-12-01,Manitoba,18.78484,2024,12
2024-12-01,Newfoundland,24.159979,2024,12
2024-12-01,Saskatchewan,23.558147,2024,12
2024-12-02,British Columbia,65.657196,2024,12
2024-12-02,Manitoba,55.85481,2024,12
2024-12-02,Newfoundland,67.50988,2024,12
2024-12-02,Saskatchewan,59.98678,2024,12
2024-12-03,British Columbia,90.309364,2024,12
2024-12-03,Manitoba,50.146244,2024,12
2024-12-03,Newfoundland,69.84597,2024,12
2024-12-03,Saskatchewan,59.892715,2024,12
2024-12-04,British Columbia,88.64712,2024,12
2024-12-04,Manitoba,46.06784,2024,12
2024-12-04,Newfoundland,64.085495,2024,12
2024-12-04,Saskatchewan,61.58701,2024,12
2024-12-05,British Columbia,87.80106,2024,12
2024-12-05,Manitoba,46.747673,2024,12
2024-12-05,Newfoundland,64.085495,2024,12
2024-12-05,Saskatchewan,62.231155,2024,12
2024-12-06,British Columbia,85.85956,2024,12
2024-12-06,Manitoba,49.75029,2024,12
2024-12-06,Newfoundland,64.65362,2024,12
2024-12-06,Saskatchewan,63.006283,2024,12
2024-12-07,British Columbia,29.027561,2024,12
2024-12-07,Manitoba,18.996767,2024,12
2024-12-07,Newfoundland,26.304308,2024,12
2024-12-07,Saskatchewan,26.570992,2024,12
2024-12-08,British Columbia,31.021275,2024,12
2024-12-08,Manitoba,16.144382,2024,12
2024-12-08,Newfoundland,25.35095,2024,12
2024-12-08,Saskatchewan,25.365099,2024,12
2024-12-09,British Columbia,92.93542,2024,12
2024-12-09,Manitoba,52.743343,2024,12
2024-12-09,Newfoundland,69.821,2024,12
2024-12-09,Saskatchewan,63.761684,2024,12
2024-12-10,British Columbia,101.12822,2024,12
2024-12-10,Manitoba,49.950005,2024,12
2024-12-10,Newfoundland,71.73879,2024,12
2024-12-10,Saskatchewan,60.751026,2024,12
2024-12-11,British Columbia,79.4351,2024,12
2024-12-11,Manitoba,49.029507,2024,12
2024-12-11,Newfoundland,62.455017,2024,12
2024-12-11,Saskatchewan,59.35824,2024,12
2024-12-12,British Columbia,82.51956,2024,12
2024-12-12,Manitoba,50.580124,2024,12
2024-12-12,Newfoundland,64.65362,2024,12
2024-12-12,Saskatchewan,61.036892,2024,12
2024-12-13,British Columbia,82.334236,2024,12
2024-12-13,Manitoba,46.971558,2024,12
2024-12-13,Newfoundland,64.05573,2024,12
2024-12-13,Saskatchewan,60.646023,2024,12
2024-12-14,British Columbia,30.921707,2024,12
2024-12-14,Manitoba,19.847982,2024,12
2024-12-14,Newfoundland,26.368752,2024,12
2024-12-14,Saskatchewan,26.788813,2024,12
2024-12-15,British Columbia,30.98,2024,12
2024-12-15,Manitoba,19.325722,2024,12
2024-12-15,Newfoundland,26.894335,2024,12
2024-12-15,Saskatchewan,26.057087,2024,12
2024-12-16,British Columbia,85.7809,2024,12
2024-12-16,Manitoba,52.72766,2024,12
2024-12-16,Newfoundland,62.331955,2024,12
2024-12-16,Saskatchewan,61.93773,2024,12
2024-12-17,British Columbia,108.53675,2024,12
2024-12-17,Manitoba,46.71402,2024,12
2024-12-17,Newfoundland,71.67391,2024,12
2024-12-17,Saskatchewan,61.394665,2024,12
2024-12-18,British Columbia,88.27571,2024,12
2024-12-18,Manitoba,48.0844,2024,12
2024-12-18,Newfoundland,63.8359,2024,12
2024-12-18,Saskatchewan,60.07868,2024,12
2024-12-19,British Columbia,94.905396,2024,12
2024-12-19,Manitoba,46.981586,2024,12
2024-12-19,Newfoundland,63.8359,2024,12
2024-12-19,Saskatchewan,60.07868,2024,12
2024-12-20,British Columbia,93.43826,2024,12
2024-12-20,Manitoba,50.0182,2024,12
2024-12-20,Newfoundland,63.8359,2024,12
2024-12-20,Saskatchewan,60.07868,2024,12
2024-12-21,British Columbia,30.133436,2024,12
2024-12-21,Manitoba,21.676088,2024,12
2024-12-21,Newfoundland,26.279999,2024,12
2024-12-21,Saskatchewan,27.222744,2024,12
2024-12-22,British Columbia,29.844776,2024,12
2024-12-22,Manitoba,22.03038,2024,12
2024-12-22,Newfoundland,27.376486,2024,12
2024-12-22,Saskatchewan,25.776068,2024,12
2024-12-23,British Columbia,100.22933,2024,12
2024-12-23,Manitoba,52.369545,2024,12
2024-12-23,Newfoundland,64.65164,2024,12
2024-12-23,Saskatchewan,64.01052,2024,12
2024-12-24,British Columbia,106.36785,2024,12
2024-12-24,Manitoba,48.11582,2024,12
2024-12-24,Newfoundland,73.670105,2024,12
2024-12-24,Saskatchewan,63.390873,2024,12
2024-12-25,British Columbia,99.53046,2024,12
2024-12-25,Manitoba,47.97673,2024,12
2024-12-25,Newfoundland,66.05194,2024,12
2024-12-25,Saskatchewan,62.435223,2024,12
2024-12-26,British Columbia,98.03982,2024,12
2024-12-26,Manitoba,47.97673,2024,12
2024-12-26,Newfoundland,63.853348,2024,12
2024-12-26,Saskatchewan,60.75657,2024,12
2024-12-27,British Columbia,105.46483,2024,12
2024-12-27,Manitoba,48.457314,2024,12
2024-12-27,Newfoundland,66.56785,2024,12
2024-12-27,Saskatchewan,61.272476,2024,12
2024-12-28,British Columbia,22.818922,2024,12
2024-12-28,Manitoba,23.02177,2024,12
2024-12-28,Newfoundland,25.365355,2024,12
2024-12-28,Saskatchewan,25.208141,2024,12
2024-12-29,British Columbia,26.036959,2024,12
2024-12-29,Manitoba,20.650536,2024,12
2024-12-29,Newfoundland,22.991234,2024,12
2024-12-29,Saskatchewan,20.453485,2024,12
2024-12-30,British Columbia,110.082825,2024,12
2024-12-30,Manitoba,48.843906,2024,12
2024-12-30,Newfoundland,65.91233,2024,12
2024-12-30,Saskatchewan,58.782616,2024,12
2024-12-31,British Columbia,118.8734,2024,12
2024-12-31,Manitoba,48.676003,2024,12
2024-12-31,Newfoundland,59.82101,2024,12
2024-12-31,Saskatchewan,60.285164,2024,12
